MutationType	Sample_1	Sample_2	Sample_3	Sample_4	Sample_5	Sample_6	Sample_7	Sample_8	Sample_9	Sample_10	Sample_11	Sample_12	Sample_13	Sample_14	Sample_15	Sample_16	Sample_17	Sample_18	Sample_19	Sample_20	Sample_21	Sample_22	Sample_23	Sample_24	Sample_25	Sample_26	Sample_27	Sample_28	Sample_29	Sample_30	Sample_31	Sample_32	Sample_33	Sample_34	Sample_35	Sample_36	Sample_37	Sample_38	Sample_39	Sample_40	Sample_41	Sample_42	Sample_43	Sample_44	Sample_45	Sample_46	Sample_47	Sample_48	Sample_49	Sample_50	Sample_51	Sample_52	Sample_53	Sample_54	Sample_55	Sample_56	Sample_57	Sample_58	Sample_59	Sample_60	Sample_61	Sample_62	Sample_63	Sample_64	Sample_65	Sample_66	Sample_67	Sample_68	Sample_69	Sample_70	Sample_71	Sample_72	Sample_73	Sample_74	Sample_75	Sample_76	Sample_77	Sample_78	Sample_79	Sample_80	Sample_81	Sample_82	Sample_83	Sample_84	Sample_85	Sample_86	Sample_87	Sample_88	Sample_89	Sample_90	Sample_91	Sample_92	Sample_93	Sample_94	Sample_95	Sample_96	Sample_97	Sample_98	Sample_99	Sample_100
A[C>A]A	254	157	683	137	706	313	222	239	479	344	516	358	322	524	382	366	293	244	103	403	215	434	535	399	638	451	505	856	801	523	747	469	724	236	816	282	953	256	843	208	592	257	530	226	422	472	487	297	405	234	106	308	414	399	242	255	333	351	352	179	310	920	348	307	356	504	214	415	438	572	229	551	390	217	555	223	552	379	554	756	176	415	92	532	284	431	642	584	625	445	713	544	94	809	629	376	386	297	272	199
A[C>A]C	186	134	553	126	511	268	171	160	354	281	419	309	242	347	301	305	216	164	83	406	183	294	461	308	544	395	368	534	607	404	588	288	370	110	662	224	779	188	621	198	572	214	447	216	273	435	318	219	347	148	69	361	356	343	158	177	279	314	252	121	259	850	333	270	312	376	148	345	352	492	186	448	269	253	353	181	426	248	478	517	117	300	89	383	216	233	463	460	418	371	406	478	75	679	614	325	329	200	179	175
A[C>A]G	34	31	90	21	123	41	41	54	110	64	96	43	32	102	66	51	62	37	16	63	44	84	96	54	108	69	80	154	121	100	109	68	79	36	127	41	153	40	94	46	65	31	62	46	88	59	72	72	48	17	25	39	61	56	41	23	33	36	50	23	36	111	45	47	46	66	27	60	91	75	21	76	53	33	106	59	98	42	83	98	22	37	22	53	38	70	85	83	139	75	104	92	10	107	72	44	49	82	62	33
A[C>A]T	121	116	480	111	456	258	160	161	342	219	402	226	242	351	246	256	225	155	80	356	147	241	421	222	479	301	288	499	637	403	643	284	374	130	636	198	739	169	437	176	462	151	408	208	290	395	288	193	299	130	69	309	361	332	162	154	211	243	212	105	245	834	282	251	260	330	154	278	285	448	157	354	253	163	325	154	438	212	400	439	119	260	79	359	211	244	421	436	457	414	339	468	40	584	483	231	285	202	155	193
A[C>G]A	162	90	315	76	362	163	111	129	234	191	164	145	123	174	152	225	185	117	43	99	186	210	212	174	377	243	308	453	272	232	201	159	225	111	254	189	346	121	309	100	153	121	217	92	182	162	228	171	230	149	68	102	144	186	126	85	164	87	234	78	142	205	164	176	157	268	151	178	185	193	163	269	159	106	256	106	244	195	234	412	72	238	38	222	141	163	183	288	273	226	238	270	70	316	253	180	175	144	158	66
A[C>G]C	92	47	167	39	202	85	61	58	143	105	113	87	69	85	92	153	110	77	31	54	96	122	71	122	217	141	170	241	179	152	135	77	171	83	155	122	190	61	193	87	107	92	165	47	78	111	137	113	189	85	41	76	89	102	61	61	99	57	134	42	84	153	129	89	104	179	70	115	100	90	119	182	88	65	162	62	136	111	124	228	51	164	59	153	84	119	109	193	123	109	129	152	38	228	141	87	96	69	72	43
A[C>G]G	34	9	45	11	74	3	31	27	62	23	33	16	18	56	38	22	29	15	4	19	28	48	33	24	29	33	48	118	42	29	39	42	26	17	36	22	50	21	45	19	19	12	43	17	34	24	42	34	19	27	13	13	26	25	33	16	20	12	27	9	18	33	19	19	21	43	25	29	41	26	19	47	23	13	61	25	45	22	33	60	7	36	9	37	12	44	44	37	64	39	50	42	0	55	27	31	33	36	38	7
A[C>G]T	166	75	371	70	349	143	110	146	248	178	193	122	139	182	178	259	158	112	34	137	179	221	229	207	314	261	322	349	284	265	211	167	244	170	295	204	323	118	314	116	199	117	310	100	153	182	242	147	285	172	84	133	140	186	110	135	181	76	236	77	133	239	213	188	201	302	161	177	207	184	168	292	174	104	230	107	233	169	238	384	69	291	58	273	125	163	182	373	224	258	223	244	44	352	267	187	199	105	133	83
A[C>T]A	428	209	507	238	819	250	353	394	645	378	571	257	205	580	435	553	424	315	124	241	280	657	431	401	511	523	745	1099	662	586	792	506	742	332	635	368	922	317	819	273	471	363	518	190	452	484	663	475	529	364	220	202	333	338	298	205	274	145	440	290	295	583	434	389	465	527	421	385	499	459	309	748	465	281	629	302	615	412	587	863	159	422	184	494	220	672	512	541	781	424	740	566	122	721	477	496	541	471	443	201
A[C>T]C	203	92	286	110	309	146	153	166	244	175	234	215	104	237	199	325	180	138	48	124	150	314	189	236	276	252	359	478	303	222	279	242	409	149	289	171	439	146	530	115	230	195	210	84	211	224	341	173	265	169	70	130	192	186	119	119	145	105	210	134	166	263	195	190	214	301	128	218	245	288	157	387	224	158	229	106	299	267	194	450	74	223	63	322	103	256	303	345	272	196	394	250	64	305	327	308	206	173	139	123
A[C>T]G	112	698	620	598	2680	1137	686	1700	471	823	655	488	629	684	484	1662	1837	751	492	279	195	643	1197	802	514	2349	1785	1161	439	1644	3691	375	2057	357	1783	1152	3257	1168	1503	1423	1492	1379	1074	283	768	1461	1246	1804	2010	1891	277	295	256	478	286	251	309	183	2226	638	739	301	451	2432	2343	515	2377	671	215	1467	161	1464	1110	1001	1343	114	796	992	1519	1072	586	474	1192	1794	322	3539	389	3537	2280	380	1398	208	903	1281	1384	658	2280	226	805	585
A[C>T]T	255	133	403	156	505	195	229	254	414	260	366	250	157	378	322	358	307	187	66	225	204	418	367	259	428	373	491	790	482	334	534	400	474	167	437	277	647	237	711	183	360	258	294	142	338	331	438	262	324	199	79	220	299	232	209	146	210	167	272	179	181	437	270	253	318	356	248	297	381	355	163	524	331	190	479	218	370	306	303	596	102	283	76	322	156	395	415	439	532	289	526	383	84	504	450	380	316	296	227	162
A[T>A]A	127	105	429	129	430	140	223	153	284	167	383	241	169	195	371	190	141	242	136	203	126	255	292	251	371	283	238	304	565	534	540	188	467	295	479	209	510	138	413	318	423	294	622	201	179	410	359	109	594	128	275	307	176	275	96	126	217	200	220	166	205	493	668	163	295	317	186	271	209	281	277	296	280	220	426	152	364	135	490	340	182	482	339	222	199	351	252	356	234	315	333	352	56	865	332	491	354	208	244	121
A[T>A]C	87	82	306	73	273	137	135	79	160	120	258	128	139	142	184	155	97	174	83	201	94	159	224	154	298	213	185	192	367	336	374	101	279	165	356	169	317	86	214	190	318	159	400	111	107	255	215	91	365	106	137	206	131	238	74	95	148	150	177	104	162	450	366	154	203	206	129	185	158	263	175	198	174	137	268	66	222	123	272	273	88	263	171	205	126	217	184	283	143	209	171	278	41	602	279	255	235	113	121	85
A[T>A]G	123	64	269	63	253	161	78	89	192	118	227	90	147	172	109	163	126	94	33	160	100	189	231	165	292	201	226	328	294	223	340	150	213	62	378	119	368	95	287	105	298	100	217	90	169	213	158	128	203	122	49	149	179	194	87	92	122	124	140	74	128	454	141	155	181	226	83	162	183	244	79	263	155	95	204	92	213	124	209	297	64	167	43	177	130	139	207	226	232	220	218	256	26	332	215	129	161	105	95	97
A[T>A]T	135	100	498	100	388	151	204	111	222	156	398	282	213	209	329	195	103	253	138	268	122	250	369	271	395	298	240	301	585	478	572	217	497	313	549	259	457	134	445	261	414	294	681	198	176	406	362	92	593	186	225	328	182	287	88	156	232	223	211	158	252	556	679	195	287	296	200	304	229	373	277	313	247	223	386	141	357	179	514	350	136	537	312	274	218	329	289	378	201	324	334	368	58	831	413	430	358	181	202	152
A[T>C]A	409	236	923	312	840	214	487	277	605	342	746	427	361	369	738	586	240	597	294	290	377	696	505	606	689	610	781	740	1113	1099	915	418	1005	796	787	581	681	349	871	589	717	661	1522	285	330	810	896	256	1371	445	651	611	251	541	212	259	496	267	481	410	417	755	1433	447	753	697	466	630	474	504	677	833	577	454	867	294	746	350	958	926	347	1186	700	546	326	811	382	751	367	657	596	792	109	1786	584	917	746	456	462	285
A[T>C]C	127	183	291	121	305	105	203	97	325	133	283	153	84	118	254	166	110	240	142	105	111	193	173	286	294	221	310	266	427	456	327	137	426	294	321	257	273	124	299	273	414	242	494	132	106	316	265	131	570	128	313	206	136	332	65	123	192	125	231	150	171	263	564	140	251	350	211	263	207	215	339	247	190	188	447	116	304	142	360	298	129	542	305	255	136	298	124	265	130	177	219	285	75	765	172	367	314	167	195	98
A[T>C]G	278	98	265	208	296	91	102	146	367	184	267	131	108	190	142	330	137	141	30	105	222	406	184	197	305	232	430	567	305	237	236	202	256	171	289	162	324	165	410	89	321	168	293	75	167	214	296	169	416	155	88	154	208	208	147	96	204	63	167	135	122	409	235	159	306	303	131	248	292	276	176	505	255	118	301	111	255	211	215	520	65	250	60	213	105	153	231	234	249	214	204	299	47	397	264	217	246	169	118	97
A[T>C]T	407	336	921	391	951	258	698	297	621	368	945	533	230	381	972	543	261	830	465	322	299	658	511	775	868	696	818	681	1369	1451	1248	439	1430	955	958	663	820	340	1025	810	1029	910	1606	408	243	1082	1061	257	1902	335	930	782	301	818	206	320	607	379	581	439	554	825	1954	390	756	754	514	763	517	634	950	840	596	653	1236	396	847	354	1398	1004	421	1397	1032	506	413	1067	391	857	315	622	880	902	159	2544	609	1281	980	574	650	294
A[T>G]A	89	43	408	58	226	76	57	62	170	80	141	124	193	117	136	182	62	80	44	89	149	182	216	142	145	163	197	227	168	148	158	99	173	156	214	131	182	53	200	105	118	89	415	84	132	130	230	89	180	179	86	91	65	118	71	67	154	63	161	37	102	129	254	199	144	251	135	133	92	123	82	118	188	68	130	67	210	81	157	175	84	346	70	218	110	140	154	277	103	221	130	119	26	215	196	145	144	65	72	70
A[T>G]C	55	19	111	30	81	61	27	33	61	27	78	57	29	50	49	63	46	61	37	26	34	93	58	74	75	68	83	86	91	73	105	118	104	69	84	54	102	22	115	62	93	35	77	17	32	57	118	32	86	44	28	36	48	56	18	31	35	23	112	34	50	55	124	61	90	60	53	50	26	53	61	78	58	43	66	44	52	67	62	138	35	99	50	80	33	65	56	58	39	66	63	49	13	106	77	93	52	41	47	33
A[T>G]G	84	35	154	48	134	75	69	61	110	90	115	64	76	98	73	128	66	58	33	53	76	143	107	101	113	110	145	203	144	89	126	99	132	74	152	92	170	63	161	51	121	58	121	51	90	104	111	53	117	66	44	68	88	107	63	57	84	43	117	51	71	171	114	102	138	140	66	78	75	123	73	148	105	49	112	47	120	79	110	225	23	140	29	99	57	93	123	135	100	96	133	115	18	159	112	96	76	64	50	52
A[T>G]T	196	135	814	94	259	554	74	95	327	153	213	471	99	282	119	305	351	178	248	84	258	777	534	744	165	673	421	461	196	209	378	973	364	505	270	301	245	120	389	281	453	88	284	61	148	148	552	136	254	245	140	139	413	452	46	130	138	121	1204	103	325	146	652	410	776	344	345	156	171	287	231	512	330	171	238	317	240	198	151	645	142	486	130	432	124	163	211	202	92	515	267	162	105	189	608	501	160	268	401	177
C[C>A]A	237	139	571	132	596	318	347	201	413	336	458	730	221	379	723	403	382	166	116	649	210	424	730	401	751	606	421	692	660	444	582	377	387	144	732	347	790	236	1065	251	576	430	517	336	383	556	338	273	398	224	113	574	343	384	245	275	339	449	312	116	356	808	480	277	362	532	167	511	594	523	252	725	294	426	478	240	552	356	591	516	165	403	115	517	210	327	457	709	551	452	512	512	166	801	1128	764	305	277	309	174
C[C>A]C	202	121	528	118	502	303	267	192	360	298	375	656	190	280	647	390	352	176	98	516	175	335	687	325	751	611	405	601	578	437	483	308	362	119	666	307	736	219	919	251	528	381	440	295	291	525	238	242	412	200	86	578	346	353	214	256	325	438	284	141	326	732	494	287	331	534	130	481	577	537	228	589	217	382	422	209	466	364	520	522	171	348	104	465	202	268	449	676	422	357	459	495	192	711	1106	631	292	204	269	139
C[C>A]G	29	13	55	20	69	29	34	30	67	32	54	46	26	44	77	75	36	22	15	50	36	58	73	29	86	60	70	100	85	61	70	42	33	25	94	42	69	34	115	21	64	38	57	29	40	59	50	40	62	32	14	43	31	48	28	27	42	49	38	21	32	87	49	39	61	70	18	56	59	61	21	101	38	54	61	23	67	48	62	84	29	55	9	62	27	24	62	75	45	43	59	55	13	91	117	65	30	25	33	25
C[C>A]T	130	90	458	90	437	237	217	149	286	237	299	417	209	222	382	269	197	116	75	398	150	251	497	229	491	362	329	475	518	330	406	227	219	94	510	218	541	150	550	167	410	233	394	218	262	344	222	192	313	196	75	368	267	269	154	158	213	276	225	96	239	642	316	232	214	427	113	329	394	407	151	404	243	209	300	149	371	245	348	383	141	272	68	340	182	203	316	455	365	358	285	364	102	563	684	398	220	164	177	132
C[C>G]A	171	73	204	75	314	153	117	132	225	161	178	125	83	147	171	218	178	82	38	122	158	192	157	149	350	218	242	410	279	266	171	161	224	119	223	197	326	96	250	107	135	112	204	109	133	176	182	142	231	114	72	127	147	184	135	83	140	77	186	55	135	235	151	125	120	252	93	167	182	136	186	314	136	99	273	101	194	164	249	325	40	209	59	184	121	119	152	257	237	192	181	286	47	349	209	197	141	133	203	67
C[C>G]C	124	59	158	59	242	110	89	82	171	135	128	162	77	133	200	176	134	74	28	126	116	168	183	112	249	205	247	300	210	166	146	146	142	84	209	150	279	98	265	97	117	122	138	73	98	171	144	126	166	85	46	118	122	146	106	71	137	89	155	67	119	194	150	114	108	224	71	164	185	142	117	233	115	97	202	84	177	138	160	284	58	167	42	183	101	108	138	246	178	108	158	196	44	297	280	203	124	107	116	50
C[C>G]G	25	31	33	13	54	15	25	21	41	27	27	25	16	29	36	37	30	12	8	26	20	52	43	26	41	28	46	95	46	44	31	36	21	17	38	28	45	26	50	17	24	22	25	14	38	31	37	31	44	21	9	9	18	25	18	9	26	14	37	7	15	36	26	22	22	51	13	29	36	23	16	54	35	23	46	27	39	30	37	48	5	36	11	33	21	26	30	34	50	36	31	41	9	42	48	42	27	36	35	7
C[C>G]T	192	67	267	84	341	153	127	141	251	184	186	135	86	174	142	280	189	114	38	119	157	220	210	174	385	282	325	414	307	294	177	192	214	142	255	210	328	111	328	108	166	156	250	87	135	198	234	174	233	164	65	128	157	208	143	107	163	87	189	67	133	265	154	152	159	270	123	182	244	170	202	339	154	82	288	112	220	202	256	373	72	237	64	212	136	139	168	317	277	207	211	307	56	397	275	185	161	143	177	71
C[C>T]A	216	75	356	122	323	166	117	128	254	202	247	225	161	245	199	354	158	153	49	117	169	336	241	249	327	247	410	426	337	182	271	243	446	148	306	224	438	177	612	113	223	224	261	78	215	194	400	156	263	174	69	148	241	188	131	120	153	132	226	127	186	340	212	228	226	363	180	227	248	313	167	399	259	117	253	138	272	275	150	551	83	328	48	324	139	232	347	356	217	222	424	269	71	287	406	338	200	149	103	105
C[C>T]C	258	71	342	122	377	180	134	172	285	234	267	238	124	275	235	362	212	168	73	167	184	325	175	317	410	283	375	467	411	225	319	301	540	173	343	225	468	155	688	111	242	245	197	95	257	218	395	167	296	141	67	194	178	229	132	125	203	141	206	155	206	299	216	161	196	355	132	256	279	290	235	402	211	168	262	135	299	295	195	551	87	268	48	330	180	241	382	389	274	178	501	275	72	315	442	299	204	188	139	125
C[C>T]G	162	387	322	389	1400	607	413	940	278	436	332	277	341	354	270	997	982	415	277	168	146	420	619	465	295	1329	1087	664	213	868	1891	248	1018	197	973	664	1739	610	923	762	879	752	595	145	418	798	686	990	1054	1011	144	211	204	299	157	128	193	136	1141	403	381	269	245	1397	1345	349	1225	340	203	845	123	930	649	550	791	67	481	611	810	717	331	237	615	1034	169	1796	221	1874	1249	206	713	177	498	592	825	471	1198	110	424	300
C[C>T]T	301	126	483	154	493	253	196	183	365	266	390	363	200	344	322	428	258	225	97	196	204	439	346	383	512	331	492	542	500	345	392	326	609	195	541	278	608	217	861	176	392	273	322	154	318	331	483	214	421	205	112	268	275	319	161	165	285	224	258	181	263	522	351	258	312	427	200	328	381	374	267	506	328	221	357	177	437	342	319	639	123	391	93	448	207	306	429	499	310	310	522	419	101	525	533	432	267	195	172	139
C[T>A]A	106	91	321	61	383	118	155	152	343	193	272	142	128	248	251	142	204	72	30	249	146	217	362	148	346	258	236	665	379	262	386	222	124	85	387	149	441	120	240	142	207	84	260	144	203	268	173	216	157	110	78	169	214	186	180	116	154	151	172	44	127	390	152	165	130	279	104	199	272	227	110	243	180	163	327	162	295	132	251	273	57	162	51	224	118	180	233	267	425	281	228	330	42	396	300	204	179	200	204	90
C[T>A]C	153	371	526	82	453	251	174	154	680	259	321	188	205	316	203	271	201	219	184	261	186	258	391	375	517	377	432	643	461	378	434	284	407	160	606	350	605	107	399	290	779	111	423	171	214	433	231	290	302	138	278	208	432	681	154	161	301	276	320	85	219	567	301	249	276	945	275	395	401	435	441	335	277	197	693	217	628	226	305	416	93	686	143	661	304	185	405	407	401	355	393	389	163	543	343	284	234	187	278	136
C[T>A]G	125	208	346	88	494	196	191	213	612	246	345	136	183	366	260	200	238	126	74	296	173	244	427	218	407	281	330	818	509	378	501	285	213	119	528	211	561	140	267	211	484	89	300	195	279	350	176	282	209	116	146	195	324	422	207	145	216	194	248	71	164	530	209	198	208	515	181	285	358	275	195	315	243	171	504	220	523	161	376	390	76	371	101	325	166	203	343	345	556	348	362	408	76	545	357	209	234	240	260	114
C[T>A]T	164	663	879	133	627	359	242	177	1145	370	490	388	302	503	260	382	274	296	293	390	276	383	696	597	575	496	631	941	587	477	647	515	553	325	882	540	794	184	568	474	1401	133	793	296	351	686	309	389	357	270	459	305	653	1112	161	249	530	356	495	147	289	792	466	447	478	1468	454	553	522	620	622	464	450	328	1010	264	993	315	442	529	160	1158	214	1084	391	283	580	575	527	507	510	428	266	577	589	467	316	211	405	253
C[T>C]A	142	125	493	67	246	102	66	83	337	130	156	184	239	156	142	281	85	91	56	126	202	232	281	230	221	207	328	407	131	138	128	159	205	175	302	217	227	90	373	139	250	108	436	90	162	199	284	140	190	239	126	93	133	223	103	115	234	71	207	64	116	209	222	307	211	447	173	167	193	166	169	275	274	103	210	82	328	162	125	291	83	500	44	370	161	140	189	341	131	288	173	188	66	198	294	146	144	78	112	104
C[T>C]C	184	1385	880	137	528	294	216	150	1975	439	324	447	142	618	174	547	214	514	579	204	229	327	530	949	553	497	990	1195	218	417	283	561	812	316	855	1010	542	120	829	726	2299	146	733	301	224	728	255	558	386	146	933	202	843	2015	85	236	706	370	554	238	314	300	548	428	424	2765	824	705	817	599	1381	504	451	421	1769	317	1594	472	239	539	102	2120	371	1747	514	233	715	475	337	348	731	251	482	335	392	571	204	166	594	288
C[T>C]G	199	736	481	128	314	144	179	108	1136	268	234	228	89	384	136	342	141	318	278	107	174	327	256	486	332	281	611	812	166	223	165	389	476	180	498	512	305	128	501	362	1279	94	409	144	159	474	226	282	269	98	458	127	464	1059	72	107	404	177	294	178	157	242	284	278	317	1403	399	401	460	345	740	407	310	228	971	191	812	289	117	422	60	1175	203	885	286	161	434	242	234	239	401	217	282	219	242	365	157	134	346	155
C[T>C]T	342	3226	1955	232	922	555	465	199	4799	980	661	870	275	1363	221	1063	328	1135	1357	300	416	649	1067	2033	1004	883	2244	2507	258	717	440	1312	1819	635	1878	2187	865	158	1534	1631	5634	151	1625	576	458	1811	438	1176	647	224	2093	278	1869	4639	100	429	1589	890	1174	456	645	372	1050	943	855	6358	1920	1578	1685	1252	3225	926	920	899	4244	721	3518	836	256	914	170	5111	805	4099	1080	414	1667	805	594	684	1607	433	1185	377	583	1214	329	290	1383	671
C[T>G]A	44	28	164	23	143	56	44	52	112	70	72	73	73	98	65	80	76	21	16	47	95	86	123	71	95	90	117	191	84	65	65	82	29	63	111	61	113	51	106	50	46	32	123	36	71	71	92	66	84	66	29	36	42	83	49	43	72	31	122	14	47	62	95	91	88	118	49	53	67	59	49	102	83	31	98	36	106	41	59	130	33	117	14	99	54	74	63	150	117	118	68	76	17	96	112	66	58	67	69	35
C[T>G]C	91	32	359	52	164	250	43	62	155	102	104	219	64	120	73	183	205	79	108	72	195	351	247	360	128	323	220	271	124	120	160	449	124	255	138	158	117	59	176	140	163	52	169	34	80	85	230	74	179	124	61	89	179	152	45	73	83	74	539	34	146	115	335	208	376	129	151	86	76	105	98	253	172	84	116	147	100	120	77	334	65	240	44	190	65	57	76	158	73	245	76	105	46	159	289	216	75	142	195	99
C[T>G]G	98	46	215	53	195	171	63	104	159	88	135	113	61	100	106	137	145	77	50	81	130	226	204	200	173	221	230	274	175	139	168	206	108	135	140	82	182	71	137	100	156	48	145	51	71	105	158	92	187	84	57	92	148	126	59	65	66	68	318	45	110	146	182	141	238	142	75	116	115	133	104	233	105	56	156	106	113	96	87	265	49	146	36	117	75	59	89	160	141	168	100	159	39	226	221	145	89	107	129	50
C[T>G]T	1111	200	4796	453	1152	3884	140	564	1090	581	764	3241	280	1242	418	1488	2515	765	1744	514	2025	4904	3794	4644	489	4699	2130	2421	333	800	2040	6990	732	3289	708	1308	418	547	1380	1713	1730	104	1066	151	511	256	2905	517	1266	1487	341	523	2438	2022	124	604	361	536	8571	201	1723	567	4275	2732	5740	593	1934	450	505	1244	806	2790	1809	766	461	2080	341	988	388	3819	708	2047	347	1727	353	231	292	650	146	3238	190	561	578	126	3921	2785	316	1676	2464	1050
G[C>A]A	134	84	293	83	266	147	136	74	206	146	246	197	110	157	213	203	123	148	78	190	101	209	302	184	290	254	237	267	377	272	352	187	275	132	440	159	358	110	378	162	400	162	271	103	187	254	198	106	274	112	90	216	187	223	91	97	139	199	146	103	149	532	257	163	218	213	126	206	221	295	128	283	167	151	247	99	291	161	286	300	86	226	109	235	138	182	256	269	192	213	228	258	59	465	350	230	219	117	118	110
G[C>A]C	126	67	290	76	275	173	135	105	170	173	240	308	131	192	255	203	132	109	68	290	99	190	349	189	374	253	236	277	363	217	376	180	253	91	381	188	444	128	509	143	365	201	247	143	169	272	145	118	236	112	50	310	196	213	105	109	165	210	123	77	178	536	227	161	178	273	76	264	265	343	109	326	134	185	208	95	246	220	248	326	101	188	61	256	139	133	272	345	190	215	265	261	80	452	504	290	164	118	90	99
G[C>A]G	26	13	45	11	58	25	24	14	43	33	52	46	20	50	21	35	21	20	8	25	10	53	37	31	63	39	35	65	78	47	66	51	85	26	57	17	68	20	82	20	52	29	40	19	32	42	56	14	46	15	10	26	40	37	15	19	23	28	31	19	28	74	41	26	35	49	17	24	46	48	28	55	43	22	38	15	46	49	45	83	17	33	7	56	24	32	58	47	60	28	50	42	6	77	62	44	35	25	20	19
G[C>A]T	109	58	299	75	225	167	90	83	196	146	201	164	131	136	136	163	103	102	59	240	105	155	263	162	318	193	166	255	331	199	325	143	183	64	342	112	348	103	250	100	309	96	234	118	126	236	145	106	225	82	69	165	175	191	81	79	144	170	121	73	124	517	199	143	203	188	74	205	187	245	98	224	143	115	213	95	232	133	225	294	79	153	57	181	119	107	179	274	200	203	179	275	32	402	341	180	166	82	88	96
G[C>G]A	71	47	147	26	163	94	37	64	135	75	104	51	47	61	66	131	79	53	22	58	83	104	84	89	193	98	161	209	138	127	76	66	103	52	112	112	157	63	129	50	92	42	97	52	74	77	104	89	112	57	30	41	73	112	52	57	89	30	91	22	67	110	75	73	70	178	44	94	94	87	89	145	87	38	123	59	116	84	102	192	38	134	22	116	68	51	72	150	135	94	78	130	28	180	114	63	74	61	70	37
G[C>G]C	63	24	130	34	132	59	45	50	98	92	82	95	61	82	86	121	79	43	24	72	71	91	111	99	135	122	165	151	134	84	92	72	85	58	111	92	140	44	153	55	84	77	144	57	58	81	109	81	136	61	40	73	70	86	59	52	75	41	94	34	73	125	83	75	76	147	72	94	118	88	84	156	88	62	104	48	114	82	88	153	29	110	30	122	59	75	71	158	98	107	104	110	30	180	163	106	61	57	48	27
G[C>G]G	19	11	32	10	43	19	20	17	34	16	27	17	12	17	17	31	25	21	4	21	36	29	21	26	34	19	41	68	33	37	33	22	33	9	20	16	32	24	28	19	18	7	33	11	22	21	38	16	31	21	14	12	22	24	12	13	19	18	22	7	21	31	17	19	11	40	11	26	25	18	21	38	18	14	37	12	39	24	24	47	4	19	13	32	15	20	14	33	34	30	25	26	7	45	22	24	21	20	22	4
G[C>G]T	119	57	186	47	219	108	73	75	143	123	141	94	76	97	95	172	108	95	45	76	104	120	132	132	234	161	184	237	215	228	146	102	150	111	176	180	189	62	156	85	169	79	198	52	66	147	150	107	196	108	86	94	101	142	83	91	116	77	131	45	82	183	177	99	110	189	84	124	109	117	156	201	129	61	176	73	169	121	171	232	48	169	56	152	93	107	84	204	127	139	106	195	45	310	142	133	134	85	103	59
G[C>T]A	281	79	354	140	331	178	113	138	213	204	273	192	159	290	132	381	175	183	67	69	165	317	116	278	291	280	396	432	325	259	311	268	577	218	300	250	533	135	586	86	238	207	271	61	222	227	438	154	311	185	77	112	182	208	110	92	180	79	223	140	192	324	203	170	214	272	218	232	222	289	185	476	216	133	226	98	289	312	247	558	67	268	54	304	168	232	327	358	237	197	446	298	52	263	271	264	223	149	171	121
G[C>T]C	213	60	332	118	291	137	95	110	215	166	213	238	110	222	207	306	154	127	56	115	158	320	172	254	315	228	320	439	291	145	243	224	492	168	283	183	385	145	655	79	206	216	208	74	203	173	358	132	262	137	50	138	156	154	134	97	153	108	165	151	149	247	205	154	186	274	104	192	240	228	155	393	235	144	205	96	263	267	149	479	70	271	47	295	126	242	297	306	206	143	419	236	63	254	327	287	166	118	103	94
G[C>T]G	112	396	362	354	1536	626	458	973	319	532	410	294	371	388	303	1044	1048	453	319	171	140	465	679	521	280	1408	1147	696	244	894	2208	239	1181	200	1108	690	1940	720	983	857	937	808	655	155	484	797	777	1027	1220	1110	154	205	172	313	170	120	196	107	1286	439	401	247	289	1421	1437	407	1355	414	161	894	119	951	637	626	828	53	502	623	858	699	340	282	719	1152	172	2025	219	2015	1413	219	869	139	567	692	861	447	1358	112	474	321
G[C>T]T	194	71	297	101	282	108	122	119	203	142	238	181	119	225	166	291	133	157	69	117	130	278	133	204	248	187	287	359	309	194	259	235	420	126	290	183	423	127	499	67	205	196	223	76	192	204	357	116	231	128	88	129	146	166	96	84	137	92	145	117	165	314	245	140	205	210	121	183	224	248	130	321	185	126	200	92	257	216	196	471	57	189	40	246	134	240	312	256	180	144	351	251	50	265	245	237	157	137	105	103
G[T>A]A	63	35	192	42	163	104	41	41	117	82	112	87	85	99	86	107	81	52	23	115	84	92	156	83	186	136	123	181	185	125	159	88	93	51	233	78	223	52	146	69	160	59	164	54	90	113	92	76	135	78	21	96	93	117	64	53	97	77	106	26	75	245	121	82	111	139	41	115	128	129	63	155	96	54	108	54	129	83	130	141	47	110	25	110	79	79	115	148	137	122	110	138	22	230	170	84	101	48	51	41
G[T>A]C	60	63	190	28	159	101	46	44	147	82	120	71	96	71	65	74	54	67	51	108	69	79	152	106	160	118	139	148	182	169	175	73	137	72	218	86	218	53	101	93	191	61	177	62	97	118	102	60	143	57	75	109	111	149	44	53	99	78	102	50	91	259	130	86	102	161	63	102	90	140	91	121	90	70	121	56	165	83	132	174	49	162	46	145	91	64	111	158	97	118	104	148	30	266	149	96	97	41	57	61
G[T>A]G	70	50	189	49	243	127	71	85	176	117	185	78	101	131	90	131	121	65	27	144	84	113	186	100	243	139	169	218	245	165	228	101	151	65	297	120	281	86	142	88	175	62	176	75	109	151	134	79	168	66	58	105	157	147	85	62	114	94	137	62	121	322	126	120	122	172	86	133	113	141	110	177	114	63	178	53	191	101	179	223	51	154	45	162	114	92	140	216	180	170	149	201	34	354	181	84	118	96	67	55
G[T>A]T	94	112	303	45	281	189	108	90	238	129	219	143	135	151	133	167	111	157	91	204	110	125	261	200	373	253	214	204	396	326	412	143	273	128	439	178	389	81	217	171	414	108	354	132	122	276	188	83	350	125	127	240	200	265	86	108	172	181	189	85	186	490	311	143	201	217	129	227	150	259	168	244	144	136	290	104	276	150	319	291	97	313	130	263	132	148	210	300	190	252	175	279	80	591	336	214	218	89	133	103
G[T>C]A	123	50	213	77	171	75	38	69	178	111	124	93	112	101	74	206	78	55	17	64	118	155	133	142	180	145	256	276	140	112	116	111	124	91	179	91	168	84	233	60	106	90	211	41	101	114	164	98	169	110	53	79	96	95	77	62	136	40	131	50	82	179	129	136	143	226	76	132	146	116	106	215	127	54	130	44	160	130	101	245	40	203	17	162	101	123	106	212	115	144	112	159	22	145	190	91	122	70	56	43
G[T>C]C	76	165	171	37	115	64	51	35	217	84	85	67	48	83	35	161	53	77	61	50	65	110	78	157	119	121	189	206	97	103	104	106	154	84	164	147	151	65	160	100	321	61	151	39	45	128	111	82	131	57	104	67	102	220	40	31	105	53	104	54	73	124	100	92	134	316	102	129	130	102	165	171	104	74	242	55	192	93	85	195	25	252	52	246	79	75	101	120	73	94	122	91	65	153	93	105	77	44	76	42
G[T>C]G	117	69	104	82	158	92	46	81	194	95	107	59	42	91	50	205	96	79	26	43	102	157	83	111	201	125	249	253	153	124	118	119	137	70	152	94	166	88	178	59	183	52	98	32	76	137	123	99	164	68	54	54	107	141	62	44	82	45	128	62	73	160	87	87	145	167	65	137	126	121	130	222	95	41	159	49	119	128	69	255	41	137	30	139	67	78	114	135	153	95	125	140	34	195	120	101	110	89	70	49
G[T>C]T	144	109	301	75	235	104	100	85	222	119	184	177	93	142	177	237	101	120	66	88	122	222	190	209	253	184	265	290	258	231	231	156	289	142	244	185	274	97	361	124	268	145	278	91	119	190	260	111	291	135	139	135	151	210	70	88	130	114	170	118	150	272	300	149	191	267	130	182	174	192	173	262	167	137	254	88	241	164	182	306	72	314	109	221	120	172	185	238	114	171	223	226	62	377	289	246	175	94	127	82
G[T>G]A	46	33	88	23	159	35	45	63	149	56	78	35	49	103	69	69	61	22	10	51	44	96	80	48	107	74	114	231	105	80	91	84	41	40	81	33	118	33	81	43	44	13	71	42	82	69	54	85	65	45	26	29	58	68	58	44	55	30	98	20	24	61	52	58	51	111	39	68	83	32	48	86	58	33	132	45	104	36	69	122	16	72	12	86	34	70	64	73	164	75	91	100	12	126	74	69	59	79	71	22
G[T>G]C	30	9	127	17	55	51	10	18	47	33	26	61	30	30	26	46	45	29	18	23	38	68	72	74	44	80	78	74	42	44	49	91	54	56	54	42	41	22	63	46	45	23	65	16	29	34	80	24	51	41	28	34	57	48	23	25	32	10	134	17	31	34	95	51	92	50	41	27	19	38	39	70	36	28	39	41	40	35	37	88	17	69	17	55	36	27	32	46	19	67	32	38	9	54	89	59	34	32	49	25
G[T>G]G	101	118	154	85	433	82	181	211	422	196	296	64	54	306	240	118	281	76	31	148	158	283	258	125	306	194	310	761	322	265	300	299	93	84	211	125	399	132	187	153	101	56	111	130	207	222	152	317	170	75	105	80	166	184	191	134	104	62	206	42	86	161	117	72	100	253	100	201	278	97	137	237	167	120	451	191	279	97	252	291	39	122	63	120	67	199	209	197	614	207	298	368	38	418	116	179	174	314	274	57
G[T>G]T	271	112	1078	114	359	874	85	167	367	168	259	706	63	322	180	359	562	236	422	141	414	1054	854	1064	194	1069	544	592	238	294	549	1412	292	720	248	382	170	144	360	454	514	70	341	60	129	154	643	159	426	313	159	146	528	539	53	174	107	157	1855	90	413	174	1016	588	1248	255	433	181	152	301	272	694	427	223	258	489	180	242	180	880	188	562	152	472	118	122	98	207	76	667	149	200	123	245	852	729	134	417	609	238
T[C>A]A	859	136	732	130	713	390	384	284	420	234	594	403	273	583	435	662	295	275	100	452	303	432	440	408	691	811	304	579	634	1062	532	602	974	647	691	875	811	307	875	216	503	525	1126	173	295	596	625	232	454	538	136	429	343	569	183	237	251	296	233	245	321	1431	355	381	344	373	706	311	581	688	176	1071	346	249	308	224	588	278	1394	786	152	387	223	464	402	291	508	438	382	923	576	1082	107	446	668	598	575	300	988	290
T[C>A]C	427	108	565	95	561	304	276	231	364	215	434	330	188	406	354	447	256	256	89	310	196	361	366	373	557	522	332	474	579	624	547	411	685	346	568	510	789	236	706	189	405	360	595	182	327	395	467	219	406	289	124	330	312	376	196	215	206	271	249	174	293	888	300	243	292	327	356	300	406	542	195	660	296	227	339	209	443	290	713	695	111	310	155	383	301	290	465	432	389	514	555	616	92	499	525	373	373	252	490	162
T[C>A]G	138	15	90	20	105	58	61	41	58	41	81	43	28	93	45	119	47	52	14	36	38	58	43	58	120	122	62	102	87	152	62	95	146	98	83	130	107	44	131	30	69	59	133	19	54	79	96	33	86	75	23	63	55	79	28	39	19	26	26	41	45	183	49	56	45	54	117	40	82	102	40	157	57	43	46	38	78	55	231	155	13	60	32	56	70	48	70	44	45	150	102	144	17	55	76	86	75	51	162	42
T[C>A]T	505	130	674	137	583	294	216	218	402	263	518	224	220	452	299	459	239	272	103	306	250	394	370	374	548	514	340	580	611	730	637	461	681	412	600	525	750	226	579	208	493	319	753	178	281	517	517	219	495	307	147	297	313	439	174	199	234	228	307	206	274	1036	371	327	302	349	396	255	399	547	209	742	373	202	370	225	490	255	875	704	121	376	188	382	335	331	433	386	372	642	497	741	66	586	487	368	427	261	535	201
T[C>G]A	2894	321	1053	162	1561	928	997	702	869	332	1125	318	299	1203	605	1762	587	779	140	549	746	769	276	768	1322	2196	335	1138	757	3159	216	1123	2051	2190	481	2902	972	652	922	386	541	1183	3313	92	192	1214	1251	371	1099	1638	339	698	478	1380	331	490	216	153	397	445	486	3296	268	810	488	403	2410	288	1059	1136	268	3179	597	249	490	380	1120	322	4487	1731	137	757	614	523	1060	249	273	427	371	2793	524	2979	212	303	552	987	1456	653	3495	582
T[C>G]C	637	107	423	80	592	291	254	264	337	220	324	142	117	348	217	547	250	252	47	177	271	302	151	285	525	599	292	537	350	833	160	349	557	540	284	718	379	229	391	156	195	304	766	86	112	332	421	182	360	415	111	201	196	465	170	178	145	79	234	135	163	732	148	266	188	293	525	184	377	306	210	824	227	104	286	139	362	212	1020	592	67	285	152	275	329	182	183	315	279	643	270	765	89	311	238	315	408	238	784	195
T[C>G]G	130	27	55	12	98	37	51	49	71	25	68	30	23	71	45	101	51	43	10	23	53	50	30	39	66	126	52	84	59	165	27	70	97	117	36	146	60	42	58	29	26	70	140	22	21	71	65	41	72	76	24	42	28	87	27	22	14	13	24	29	23	165	37	39	31	42	137	26	65	69	23	170	39	19	61	25	71	24	210	85	9	41	19	37	55	24	32	30	49	149	44	147	14	44	40	61	71	49	179	31
T[C>G]T	3642	403	1437	211	1954	1198	1236	908	1065	507	1341	505	418	1319	833	2243	809	1007	181	683	1073	1054	447	957	1732	2664	565	1369	1023	3803	336	1388	2550	2676	647	3515	1291	813	1263	555	617	1422	3998	159	289	1485	1709	450	1413	1987	430	899	629	1744	404	636	339	183	573	582	642	3894	466	1022	663	534	2927	384	1327	1303	418	3816	809	326	583	485	1340	434	5301	2093	184	1056	793	843	1263	420	443	731	529	3336	751	3564	267	455	770	1258	1864	766	4102	683
T[C>T]A	2659	940	510	362	1084	2318	313	418	1346	995	3071	626	585	1130	640	1738	482	986	444	853	275	1246	3027	2071	649	4363	2846	1395	4208	1753	1238	2855	950	446	501	3971	1816	229	2571	843	2067	467	2417	358	341	326	822	491	1379	1364	938	292	6641	1669	628	140	165	1897	939	1262	989	1647	2974	3455	711	3816	4445	501	1921	3997	142	2558	6706	610	3595	1986	5565	756	693	2388	925	1868	596	4353	444	1013	744	1358	604	3996	1731	3978	652	1318	2991	7799	1359	1833	389	2113
T[C>T]C	722	231	520	185	509	529	184	210	422	339	844	367	214	563	378	694	263	355	148	305	188	625	779	721	439	1056	898	673	1168	541	549	897	884	275	407	966	860	214	1309	221	619	373	658	175	342	269	642	235	497	446	236	232	1384	458	258	148	233	457	339	388	371	556	808	752	335	1025	959	345	617	1039	170	844	1529	266	826	448	1300	474	312	1000	245	618	157	1154	231	547	558	549	321	885	890	934	172	435	980	1708	471	508	199	493
T[C>T]G	331	281	262	258	884	536	246	581	328	360	502	216	254	303	216	775	598	359	207	163	140	366	654	454	231	1051	817	536	484	673	1263	366	704	202	609	749	1189	356	748	529	700	471	615	120	289	488	546	609	825	688	193	146	678	343	156	87	151	218	780	324	300	359	455	1124	838	529	1140	260	288	787	107	764	951	351	801	185	740	406	556	644	262	398	417	934	149	1200	203	1132	767	454	592	468	312	510	707	924	871	248	286	337
T[C>T]T	1542	563	478	265	778	1287	222	317	870	675	1747	462	413	736	459	1199	313	627	258	563	221	839	1806	1257	507	2519	1804	983	2485	1113	799	1813	685	295	427	2293	1142	190	1680	517	1245	369	1485	266	317	287	642	357	856	878	598	217	3652	1056	395	119	178	1174	640	768	618	1063	1850	2079	467	2279	2523	367	1254	2378	155	1567	3728	422	2192	1130	3235	467	449	1569	560	1208	327	2731	352	667	570	925	466	2297	1150	2329	365	887	1801	4584	853	1153	213	1209
T[T>A]A	99	73	499	91	358	116	150	128	211	162	269	198	222	188	232	218	144	153	93	173	155	256	332	208	289	309	278	319	338	327	427	171	294	217	399	200	379	128	351	196	277	221	491	99	180	295	342	146	391	232	154	174	128	190	99	114	247	126	249	106	202	345	445	240	236	293	180	205	165	240	171	256	226	137	298	103	308	151	310	290	113	380	180	296	161	288	223	392	232	272	273	262	66	488	376	304	285	159	144	105
T[T>A]C	83	88	316	44	235	152	51	52	221	132	182	143	167	160	85	144	99	103	60	160	95	157	227	167	273	189	180	211	256	192	275	120	242	90	367	149	306	73	239	113	262	92	263	80	138	167	174	92	168	110	65	111	167	208	71	74	167	127	139	63	147	401	139	174	169	278	112	162	143	221	102	215	152	86	153	61	259	136	198	278	81	277	39	248	127	106	215	265	136	194	171	203	56	295	257	94	120	68	67	96
T[T>A]G	69	62	267	52	229	84	81	84	196	119	175	100	126	151	125	127	98	66	44	140	107	128	191	133	199	166	175	284	258	183	245	106	154	90	279	115	265	67	216	92	176	80	255	73	144	173	141	110	152	94	74	117	125	142	74	57	135	80	122	48	111	290	172	135	121	204	110	133	153	149	82	168	157	72	189	62	232	92	166	207	60	201	54	181	116	130	151	239	191	210	161	165	35	297	208	116	116	124	88	65
T[T>A]T	202	164	960	155	644	286	317	190	397	299	674	370	396	328	525	335	207	395	235	406	259	392	586	491	656	522	422	406	984	811	944	325	776	542	828	409	756	213	703	496	722	445	1173	290	298	664	629	175	893	356	459	554	323	545	157	236	452	349	443	242	426	872	1006	406	448	520	369	459	304	551	456	478	405	395	628	214	616	271	813	576	265	929	499	512	342	587	394	714	285	638	506	558	84	1459	619	633	571	301	338	230
T[T>C]A	227	92	1182	137	577	169	104	171	533	270	263	307	645	264	344	532	170	139	45	242	525	494	689	393	378	463	641	716	302	306	223	168	242	428	586	355	400	163	574	240	230	178	1304	191	348	262	617	287	417	625	181	212	153	326	216	198	598	82	479	93	222	333	519	668	414	733	376	324	253	262	209	452	548	133	254	88	471	212	258	484	196	1014	113	722	329	320	321	899	227	733	197	365	77	324	636	181	251	121	137	173
T[T>C]C	98	156	320	70	219	95	77	94	283	120	112	137	130	137	111	205	75	112	65	63	111	171	183	204	197	166	287	297	141	146	123	123	174	138	203	186	187	77	228	119	329	80	327	67	115	143	176	131	188	133	121	85	151	280	53	66	189	76	180	58	108	166	171	181	193	411	163	169	169	146	184	221	148	81	235	75	271	142	118	251	51	373	59	328	121	136	160	290	101	181	166	149	80	188	214	150	128	71	89	80
T[T>C]G	107	55	188	74	185	66	45	64	206	103	96	74	105	130	90	166	92	65	24	51	120	194	121	143	149	137	230	291	116	110	84	125	122	112	173	103	134	75	200	68	133	73	190	38	89	102	163	120	141	121	62	61	83	118	70	55	129	22	109	40	67	135	111	117	156	205	96	98	120	96	90	183	142	47	145	65	162	100	87	233	37	215	30	148	78	96	114	177	130	135	110	137	25	140	156	93	96	73	79	48
T[T>C]T	241	331	651	181	612	171	386	184	552	243	554	357	196	262	640	370	170	494	318	220	223	414	384	530	545	445	592	533	821	826	676	295	876	635	607	510	516	204	615	589	706	477	1067	258	166	676	547	207	1097	281	621	469	218	685	140	235	359	266	424	293	367	355	1162	298	473	794	423	517	342	353	750	497	370	420	887	222	627	260	730	552	248	1076	627	542	287	640	243	563	212	401	494	517	135	1527	407	785	586	310	407	203
T[T>G]A	123	70	752	77	425	88	143	104	308	141	234	195	350	171	291	285	96	149	76	135	294	270	404	256	260	323	325	419	307	343	303	110	297	384	392	238	282	105	338	251	158	180	903	151	201	284	449	131	424	374	236	197	75	237	109	148	359	85	305	91	199	208	535	369	232	469	230	203	139	179	204	184	345	154	279	87	329	117	312	278	161	697	191	397	222	296	202	582	126	464	184	269	29	511	317	231	257	159	151	127
T[T>G]C	115	48	359	73	208	112	96	61	142	99	194	161	141	114	144	160	104	145	94	65	150	244	184	247	174	219	204	234	233	242	244	217	278	234	197	149	200	62	236	152	159	116	367	51	85	169	242	77	323	133	143	114	105	132	58	84	117	64	258	76	138	135	385	186	219	207	140	142	91	163	147	193	173	111	185	92	177	90	216	285	103	312	142	184	112	196	109	236	90	232	172	165	30	331	207	240	162	87	142	96
T[T>G]G	102	41	277	41	221	109	52	62	173	93	113	120	115	103	88	144	81	73	22	60	126	169	170	139	149	146	177	240	129	101	137	127	125	139	171	87	180	70	209	75	107	60	221	41	99	98	136	74	147	129	41	74	101	132	61	65	112	46	191	26	82	125	157	155	173	182	104	105	121	105	92	177	152	55	119	55	148	106	95	214	47	225	30	172	85	72	103	214	115	181	104	125	34	140	191	100	80	79	72	41
T[T>G]T	457	183	2010	271	923	1029	385	306	638	368	708	1014	426	514	643	662	597	673	675	311	688	1466	1278	1511	547	1545	931	915	885	1035	1141	1708	980	1478	732	779	561	300	847	848	819	446	1591	265	362	618	1352	290	1454	710	648	542	660	889	177	361	534	318	2336	282	760	452	2163	974	1639	727	858	536	332	637	713	1018	863	503	831	663	625	411	899	1434	440	1604	690	883	431	726	304	787	196	1324	525	613	208	1484	1210	1287	647	747	854	443
